{"posX":1.4552743434906006,"posY":0.9499998688697815,"posZ":-27.586084365844728,"rotX":0.0,"rotY":0.0,"rotZ":0.0}