{"posX":1.1502630710601807,"posY":1.0799999237060547,"posZ":-28.294389724731447,"rotX":0.0,"rotY":0.0,"rotZ":0.0}