{"posX":38.287506103515628,"posY":1.0439999103546143,"posZ":26.811059951782228,"rotX":0.0,"rotY":-1.852416553482783e-9,"rotZ":0.0,"scenaName":"FinalHouse"}