{"posX":37.809730529785159,"posY":1.0439999103546143,"posZ":14.129501342773438,"rotX":0.0,"rotY":0.0,"rotZ":0.0,"scenaName":"FinalHouse"}