{"posX":10.673972129821778,"posY":-5.286954402923584,"posZ":-71.67981719970703,"rotX":0.0,"rotY":-0.31941092014312746,"rotZ":0.0,"scenaName":"FinalHouse"}