{"posX":39.18478775024414,"posY":1.0439999103546143,"posZ":26.794031143188478,"rotX":0.0,"rotY":0.0,"rotZ":0.0,"scenaName":"FinalHouse"}