{"posX":38.011531829833987,"posY":1.0439999103546143,"posZ":13.95175838470459,"rotX":0.0,"rotY":-1.6165383268096357e-11,"rotZ":0.0,"scenaName":"FinalHouse"}