{"posX":5.368993759155273,"posY":0.9839999675750732,"posZ":-29.82794189453125,"rotX":0.0,"rotY":0.0,"rotZ":0.0}