{"posX":4.310890197753906,"posY":0.9839999675750732,"posZ":-42.434757232666019,"rotX":0.0,"rotY":0.0,"rotZ":0.0}