{"posX":40.503047943115237,"posY":1.0439999103546143,"posZ":35.289005279541019,"rotX":0.0,"rotY":0.0,"rotZ":0.0,"scenaName":"LloronaFinal"}