{"posX":40.96562576293945,"posY":1.0439999103546143,"posZ":62.093509674072269,"rotX":0.0,"rotY":0.0,"rotZ":0.0,"scenaName":"FinalHouse"}