{"posX":49.19108200073242,"posY":1.0439999103546143,"posZ":47.52519989013672,"rotX":0.0,"rotY":0.0,"rotZ":0.0,"scenaName":"FinalHouse"}