{"posX":39.17475509643555,"posY":1.0439999103546143,"posZ":26.8304386138916,"rotX":0.0,"rotY":0.0,"rotZ":0.0,"scenaName":"LloronaFinal"}