{"posX":40.30754852294922,"posY":1.0439999103546143,"posZ":34.933292388916019,"rotX":0.0,"rotY":0.0,"rotZ":0.0,"scenaName":"FinalHouse"}