{"posX":49.14874267578125,"posY":1.0439999103546143,"posZ":47.543357849121097,"rotX":0.0,"rotY":0.0,"rotZ":0.0,"scenaName":"FinalHouse"}