{"posX":40.996009826660159,"posY":1.0439999103546143,"posZ":61.9986686706543,"rotX":0.0,"rotY":0.0,"rotZ":0.0,"scenaName":"FinalHouse"}